ID,cancellation
-9218553471626512105,0
-9215699014988905507,0
-9212818888388326328,0
-9207205172373411326,1
-9205538401385903454,1
-9200619445122049426,0
-9200401172540936990,1
-9192250240189459028,0
-9189141579265866978,0
-9187936924195020251,0
-9185236265716806411,1
-9183622210248073182,0
-9173737834914224298,0
-9171531492477744284,1
-9170231091972862825,0
-9165736905174310150,0
-9156852661231038901,1
-9150572470641784441,1
-9150507244709005797,1
-9148653947338984824,0
-9142675759461306328,0
-9137778307014829525,0
-9119791160430614539,1
-9116865185107072937,1
-9107747248368361726,1
-9102460888268576664,0
-9102151439883719718,0
-9101902142398810024,1
-9101813114946470695,1
-9093895785030063480,1
-9093695981234190525,0
-9092253351193380029,1
-9091622548290838765,1
-9081690580130453301,1
-9078252195610940185,1
-9077862854839266604,1
-9076216721372856981,1
-9075543800624403816,0
-9073790889656697671,0
-9068565242362084766,0
-9066026744034854224,0
-9057276875771997968,0
-9055782870801672281,0
-9048492099903255465,1
-9044474056305776234,1
-9036927479909634336,1
-9034273341833042809,0
-9033940594379411553,0
-9030187207299832103,0
-9025666128337156002,1
-9025356521252531727,1
-9017882518439462431,1
-9008004910635941847,0
-9004481915154442074,0
-9002060986980884911,1
-8999801036280577149,1
-8997712682458563921,0
-8996494292700031946,1
-8989460727337701817,0
-8989104991509302752,0
-8981437470330331176,0
-8980061837068965234,1
-8977937261366684634,1
-8967726270346536180,1
-8957339239258826468,1
-8950490263930010076,0
-8945758150462564858,1
-8945433755427486223,0
-8936255652896281833,0
-8935262243296424299,0
-8927031793883544052,0
-8925458442246614015,1
-8924785485861925013,0
-8922454444070734299,1
-8920800619480008881,1
-8920629375353727367,0
-8908452601294778728,1
-8904369663774132614,1
-8901106533766657101,0
-8895817372282030686,1
-8874068050808587689,0
-8872765289747195493,0
-8871453956332747607,0
-8867229272964755515,0
-8856183602703719111,1
-8850965101361770900,1
-8843866699700620384,0
-8835264678736679155,0
-8831870576389852417,0
-8819990566999426990,0
-8818894014101039811,0
-8809782502463130799,1
-8808703858897348586,0
-8807002104177319065,1
-8796465331829356683,0
-8795628464502167397,0
-8795555991165637829,0
-8793211129697620639,1
-8788549783648739367,1
-8777897753654142430,1
-8773956767266045906,0
-8764926124770430966,1
-8763248920667582132,0
-8760320480156924884,0
-8758464854354598930,0
-8757350607119870851,0
-8744673534072120128,1
-8740570082491920898,1
-8739100278618842217,0
-8724240600877479519,1
-8723676883328822598,0
-8721377775028211013,0
-8719964277608164573,0
-8715218669836718555,1
-8706372667858957338,1
-8705052059519551467,1
-8701565315882005250,1
-8696082972045006665,1
-8692304544459944521,1
-8685687177956596432,1
-8679577885224458367,1
-8676521568086064323,1
-8643972312605725607,1
-8643780793688050361,0
-8641654717905516353,1
-8636691567633019021,0
-8633478866831316301,1
-8629213324537309078,1
-8628168737488387471,1
-8627828945471216982,1
-8622490349116012513,1
-8620523097276928047,0
-8610761724792467649,0
-8609205911996772838,0
-8606273734760168260,0
-8595110796284265689,1
-8591148131982182143,0
-8587986805629245405,0
-8578539680021387838,0
-8568442450920568572,1
-8564360168601789135,0
-8554735968005284324,0
-8551146075060987369,1
-8546263258653905726,1
-8541376374885507585,0
-8536395493624247184,0
-8530666344359843755,0
-8528601442724554297,1
-8527538328090718310,0
-8527447937482832561,1
-8523592881779110928,1
-8519991769844921374,1
-8519696850994968692,0
-8512969464841893703,0
-8511952937266267878,0
-8508278487979024086,1
-8507832627333216883,1
-8506786945891631582,1
-8490923804132981659,1
-8475521895934646912,0
-8465235301003984106,0
-8464277803067786973,1
-8459890263807638275,0
-8457360673339615963,0
-8446907555419862392,1
-8434210650249545369,1
-8432299168990675545,1
-8404369268860730789,0
-8393545995313942377,0
-8389965202850353794,0
-8389934656404951803,1
-8389731771071755613,1
-8386425257202824391,1
-8382168317182917943,1
-8382093357764613314,0
-8379761277830297042,1
-8379529980504489792,0
-8373180031920372813,1
-8368576204968504949,0
-8368495802207643489,0
-8366923272948849181,0
-8354746620795266694,1
-8353834161553200035,1
-8353348053831798902,1
-8350017250543142237,0
-8341920249147479383,0
-8336319672764506926,0
-8333683799289909525,1
-8328721680385128336,1
-8327688893659968939,0
-8321336596064898754,0
-8315815800445115494,1
-8309538427523857185,0
-8308942722380281909,1
-8300843209302398655,0
-8300444855212493068,0
-8300319132252232645,0
-8298502219617177474,0
-8294970759752889716,0
-8294485285499967598,1
-8291894391952056553,0
-8278353622909174838,0
-8267463956711189956,1
-8255521735345253128,0
-8251542849767974087,1
-8244499893425181344,0
-8240221124252010058,0
-8236172344139188850,0
-8235638675958338647,1
-8232117351362199363,0
-8224433144963621538,1
-8219260239760146308,0
-8217119064581572817,1
-8210798298532670917,1
-8205704418801862073,0
-8198276638376624627,1
-8197408453034846138,0
-8190287593860279646,1
-8188143500673038899,0
-8186234642554845119,0
-8173194335995485157,1
-8171077157795799030,0
-8170175863728053886,1
-8164280048363496317,1
-8162906270450534802,1
-8161483593992654149,1
-8152095039694998194,1
-8150623556326374693,0
-8142939555278637426,1
-8137636349245664950,0
-8125397594293368323,0
-8124171786057394997,1
-8112940775205213499,1
-8099342561323270899,1
-8097390368656523588,0
-8086252442134291454,1
-8073746612365417514,1
-8073479165934963062,0
-8070162050926648281,0
-8054131814338694234,1
-8045142399195453845,1
-8044238387389533686,0
-8040026906365515057,0
-8035080852743628182,0
-8029424909789801134,0
-8029168044648103199,1
-8024450669441646083,0
-8020803092500884159,0
-8017863660814207571,1
-8010451814710330271,0
-8007673592886373924,0
-8003550203682372744,1
-7997636440109794281,0
-7997172245477518306,1
-7988974350291576913,1
-7982307150210346995,1
-7981241054780209642,0
-7979514060563217891,1
-7959831689978157939,1
-7953831568326057233,0
-7946593518312227389,1
-7944555044100084604,0
-7940608252853125000,0
-7939453909649121893,1
-7932486037603539044,0
-7932420982012805503,1
-7928385346224099741,1
-7927169297644469575,0
-7920305434842098780,1
-7919518142688814651,0
-7914683144447896834,1
-7907797766422980641,0
-7887975744066653879,1
-7883715080033439720,1
-7877063614278563580,0
-7870304198311801097,1
-7867118481071661893,1
-7866750093009806322,1
-7865405925802675122,1
-7864516247621476602,0
-7863397456078150389,1
-7857841158234501965,1
-7853185637956291318,1
-7852397735613290414,1
-7846703676746286002,1
-7844544639630205180,0
-7844172980114149252,1
-7823944660063762803,0
-7818134581610233584,0
-7816328670372868740,1
-7814340323998643871,0
-7809831598627725792,1
-7804946923627642290,1
-7799289343354810082,1
-7798019053144666004,0
-7797909765841920076,1
-7792719543170758740,0
-7788538194552894184,0
-7778580187555421644,1
-7774163169323650180,1
-7765316221627450203,1
-7763726162367688754,0
-7761364827802954868,0
-7758478983435077135,1
-7755941025086420816,1
-7755821023411250590,0
-7755496624834236738,1
-7746165943920390872,0
-7744519623909015939,0
-7741918937064309810,0
-7740754157082776892,0
-7739230723348534399,1
-7735903937905013473,1
-7726898092772002964,1
-7725895917329043959,0
-7725404546254715093,0
-7717684520949233437,0
-7714870962376421292,0
-7694212821805945767,1
-7691446763382742506,1
-7689276544409248627,0
-7679878992385569839,1
-7679667780671384221,0
-7677895952955712721,0
-7671148656371728018,0
-7663596310939614096,0
-7659999210907073681,0
-7656688593597829760,0
-7640389472842427297,0
-7628542073492448713,0
-7623286208010093697,0
-7616856372497355017,0
-7615566382293249154,0
-7614981848165120661,1
-7613315408076283137,1
-7611667661144662348,1
-7591032179175565759,0
-7586340594716141265,1
-7584831796851085026,0
-7583748510423616043,0
-7580430933885620560,1
-7580151167847049170,0
-7578203000008491366,0
-7577245094094319139,0
-7565190141947316126,1
-7560042824555421929,1
-7559930170547169038,0
-7548708479221860921,0
-7548400958163435404,0
-7546929240540365164,1
-7546442989369877662,1
-7541793214531998852,0
-7539447790467079157,0
-7538217883278211085,1
-7532226385816995904,1
-7531174754693088475,1
-7531161635967438515,0
-7529296304196841286,1
-7528889378650673189,1
-7527287741810807599,0
-7524840771303635155,1
-7518177897927417570,1
-7504669755348010333,0
-7500422740490744811,0
-7493389239138718048,1
-7492688246529302411,0
-7488643604895406159,1
-7484019928915445934,1
-7471521346664419622,0
-7461608783215271553,0
-7455780517520092082,0
-7449949036117301021,0
-7443491340110092952,0
-7421636828027888006,0
-7418690996239594407,1
-7418486759026468308,0
-7414514695817932196,1
-7414273344516816692,1
-7410872549733813246,0
-7401089661466999474,0
-7398029622131499317,0
-7395092747347248800,1
-7394873465242150939,0
-7386485180539639942,1
-7369480096127855457,0
-7366069192727775136,1
-7361362235714411556,0
-7360749462700317968,0
-7358653738495216707,0
-7356566732113962089,1
-7355912997534359157,1
-7354794524460140548,1
-7352897752099590215,1
-7346784322501236634,0
-7346749518642116033,0
-7345502593074848140,0
-7343485623808544338,0
-7338113959628039723,0
-7324568571269048791,1
-7319252876732544762,0
-7314689552563166039,1
-7312162433776962165,0
-7311842938203536814,1
-7310793099833264725,1
-7299799771289899447,1
-7295625711899745790,1
-7294995368575037686,1
-7291551939205615974,1
-7283707852281392709,1
-7283164833854628455,0
-7279429984354073193,1
-7267919832757467454,1
-7264767519199726898,1
-7262707057133996363,0
-7253898075501108561,1
-7243363732189529248,1
-7243015788509388315,0
-7242481859161891190,0
-7238534448952329167,0
-7233993781656875611,0
-7232512632720977717,0
-7228568022484664746,0
-7224611710567687155,1
-7219548750348464362,0
-7201406534523061442,0
-7187950064460672439,0
-7186594285532000252,0
-7180285114451408661,1
-7173977564137661565,0
-7173044602416692738,0
-7165569925217558777,0
-7154577592004831069,1
-7152665222574820460,0
-7151158311483672125,1
-7148800071272093833,0
-7147554992579727424,0
-7145515767038906809,1
-7144495305650789330,0
-7142929352681347417,0
-7142299772325879073,1
-7140150010730226674,0
-7139451361644164999,0
-7125176775301980315,1
-7115647303431587906,0
-7107599347360573685,1
-7105200714530894146,0
-7099091663004713550,0
-7096009013018397520,0
-7086728430833785464,0
-7085368757073966821,0
-7082341509368498551,0
-7079173997659791279,0
-7068344356320567282,1
-7064665702583753501,0
-7064294260050301693,0
-7062618799902782793,0
-7058137663389545575,1
-7053338782273216611,0
-7051653496721331928,1
-7049608527267439265,1
-7044625160206737697,0
-7027447130109654711,1
-7022720126477085609,0
-7017600946709258078,1
-7001550953715959386,0
-7000299964490672571,1
-6999040861436520265,1
-6997439099280647784,0
-6997014905537104713,1
-6995617885490066732,0
-6989434338764663834,1
-6980804614436956513,1
-6976696311837392275,1
-6969517089415702426,1
-6965800454359250517,0
-6962108285521082047,1
-6962002050585256605,1
-6951270523483434233,1
-6949764551331090542,1
-6947375232049307828,0
-6944604998473722919,1
-6940868968276085640,0
-6940193674052527915,0
-6936267533835206984,1
-6934182774754270392,0
-6933327665137750920,0
-6926179806088624791,0
-6925109750636317156,0
-6924157316446643122,0
-6920518950172757396,1
-6916951339144356032,0
-6911891695248239239,1
-6908246092230657141,0
-6906686558440971276,1
-6888282632323243183,0
-6880759688488837826,0
-6879510403791145937,1
-6871485655205639267,1
-6870998573375941217,0
-6870324550067197333,0
-6870052822208484101,1
-6868826003260046091,0
-6855411181115495815,0
-6854978789624468093,0
-6854532730783729026,1
-6854502198455864995,0
-6849880600475678721,1
-6839893894484221146,0
-6839293137066154362,1
-6839278534343174744,1
-6836929416582121115,1
-6833045840823842575,1
-6832752845967414913,0
-6832434629540181913,0
-6831236502034075032,0
-6828879853693767441,0
-6827580964157495378,1
-6827376190637010204,0
-6823686892893057370,1
-6811705162353967355,0
-6810717067678552331,0
-6796602313372625846,0
-6796538972509655583,1
-6795367345513422315,1
-6793086496038940123,0
-6789631910523828874,1
-6783815054333683640,0
-6781831604452186117,1
-6776358915376421873,1
-6755801989860581426,0
-6735511410846566352,1
-6734756510566260277,0
-6718645756022070377,0
-6699647619393317384,0
-6694303891788816594,1
-6691510060734769631,0
-6688638410634075338,0
-6688431136899642274,1
-6679966502509013968,1
-6674358751639714007,0
-6673719798745429459,0
-6672414703901892425,1
-6671620704177820458,1
-6665586320017097686,1
-6661953989181738502,1
-6652244171780579072,0
-6639695803634802508,1
-6631064079468098661,0
-6628936465094102051,1
-6626779326557473377,1
-6609944506348424135,0
-6609185642157267584,0
-6608033109111108135,0
-6605572931472922547,0
-6594764355592055890,1
-6591317983370354654,0
-6590614865493356660,1
-6583508951030285725,1
-6578161140827337876,1
-6576111429488674642,1
-6570799577906028897,0
-6564231233822419290,1
-6562781608802388312,1
-6558846339947527988,1
-6544995703247490607,0
-6540890170187800379,1
-6533950414051582891,1
-6527442884088342628,0
-6521656632442762373,0
-6521569578595542033,1
-6510032043502824727,0
-6499060229537923002,0
-6488747849991278162,1
-6482393673344284518,0
-6480409615864808246,0
-6475843837200692949,0
-6471935155601384119,1
-6468855052178974884,1
-6458701068098725861,0
-6457195300210613595,1
-6454848314907350066,0
-6444206918663509516,0
-6435157747818517881,1
-6432099769844217277,1
-6426279757143507830,1
-6423664547673762393,0
-6418885214442770909,1
-6417208845862069318,1
-6413502493919387932,0
-6412668413084221593,1
-6410197394092033088,1
-6404920975598474870,1
-6402801089783810358,0
-6400790589253933891,1
-6400547847092343812,0
-6393555609152619081,1
-6387932237847542905,0
-6387115268744655680,1
-6384729366188690377,0
-6375909312073976778,0
-6375506274636981602,0
-6374212244456011025,1
-6372378238567186909,1
-6370687175204774046,1
-6370466464161659098,0
-6368529498289789244,1
-6358858633400699005,1
-6356417946439266430,1
-6352824926050586817,1
-6346843619407084958,0
-6334558060616152423,1
-6329710619844545714,1
-6307919397384218921,0
-6299685489483271999,0
-6295081066103480853,0
-6281748040668081234,1
-6266181208495605513,0
-6261011676748950407,1
-6257810093016262293,1
-6257390728639590264,0
-6256979605596297042,1
-6244958109499868695,0
-6241734971126937499,1
-6241582208464926096,1
-6241534611608300119,0
-6240888632570233552,1
-6239464371418471108,0
-6235505585859221603,0
-6234005419541425904,0
-6228691013860019989,1
-6228594181591146026,0
-6224488595270680304,1
-6219393488566975348,1
-6216946319147153519,0
-6209469955014600929,0
-6208644758854094402,0
-6200439161433576595,0
-6199419778628586709,0
-6197641669326182581,0
-6194061453660739982,1
-6189835564399055305,1
-6185056560769498621,1
-6170494650150512090,0
-6166218724396455641,0
-6162533621751688236,1
-6160663255667755869,0
-6159753517988156124,0
-6154012255818362082,0
-6140093753227311565,0
-6131125709476318726,1
-6129466488116567092,1
-6125316993703304616,1
-6124858484734791605,0
-6121811012840073129,0
-6117622995652235608,0
-6116751046679113337,1
-6114724431998764952,1
-6110633525337093229,0
-6109598912544565447,0
-6109427024360843469,1
-6105826430979798678,0
-6105141805826225893,0
-6082900586747810123,0
-6082667378965494461,0
-6082389732672286269,0
-6077841746567166362,0
-6065456802207513900,0
-6059076085347532622,1
-6055872579842153375,0
-6054200013748748090,0
-6050974445035928558,0
-6048279233489542129,0
-6048167190719576822,0
-6040845201142660745,0
-6039292945471251441,1
-6026629269400517542,0
-6019320890817859487,0
-6015826027947979389,0
-6008505852462671565,0
-6002277838495281071,1
-5995585999572599907,1
-5988503126106552716,1
-5986753971226032710,1
-5985432686730605040,0
-5983622367732536591,0
-5976986753022523776,0
-5972269386463995355,0
-5956954133078561657,1
-5948852451098884057,1
-5941679307909385895,0
-5938441119003023623,1
-5938317314149187041,0
-5937349440239846530,1
-5935244246855131619,0
-5932811813618082461,1
-5926963115605845745,0
-5899797587493484767,0
-5893326960550659420,1
-5881227737621939593,1
-5875918269954085256,0
-5874426966112399285,0
-5872873233185350652,0
-5871169188716039393,1
-5869736367828388333,1
-5866063267480877711,0
-5862249262038409993,1
-5853444666479091660,1
-5852860939259964150,1
-5843433282761395999,0
-5840371013012844765,1
-5825840359331095772,1
-5818782642061780532,1
-5817849436995427874,1
-5816351767172338724,1
-5813770935552025612,1
-5813612067997349035,0
-5808925850559903872,0
-5806385380173694664,1
-5804464875813581480,0
-5797511268727490743,1
-5794937827795814407,0
-5790523725440276205,1
-5789558031978242904,0
-5779898864035698959,1
-5772068617974888296,1
-5768930019155019752,0
-5767204225805740451,1
-5763739116645327168,1
-5759300225573669228,1
-5755266672151861554,1
-5749996380906362495,1
-5748209974966129347,0
-5738186457169185487,0
-5735165542155689100,1
-5725271308585123416,1
-5724578036398278823,0
-5720337096134528959,0
-5715822634093115947,1
-5708825308184479033,0
-5708725466455954380,1
-5707755403606207670,0
-5697612348024543357,0
-5684187749974460009,0
-5677249014071662925,1
-5674849667181163936,1
-5665239860260926043,0
-5648415322445003809,0
-5648161673220300640,0
-5646310685109319541,1
-5642564385239241952,1
-5640984995358849497,1
-5636731612310496213,0
-5634639225355057188,1
-5633959948739151460,0
-5633827323740799776,1
-5627797387864007507,1
-5626230237623511192,0
-5624606388279984722,0
-5622300035296957295,0
-5620748247794733973,0
-5618477696929096976,1
-5615504648411550846,1
-5585372278260047045,0
-5585328413458317255,1
-5576810591898854031,0
-5576553306015483534,1
-5574698126112260841,0
-5567806517858466068,0
-5567397565589028972,0
-5565080083658741331,1
-5563174968902070876,0
-5558151512040093190,1
-5557585646015707654,1
-5552012869108900310,1
-5551986603974710884,1
-5551710137206909784,1
-5548214535880013936,1
-5547670093292320662,1
-5544281644503182155,1
-5543776299402087919,1
-5542029223483480566,0
-5538795141371039433,1
-5530163997400644154,0
-5521383019583185214,1
-5517825296024550986,1
-5504919433753507310,0
-5491096972788166397,0
-5488268496788829935,1
-5487064837272527771,1
-5483867266770090507,1
-5481869943246259850,1
-5480152052650392585,0
-5479331067708850236,0
-5478761698604382243,0
-5471209423677846549,1
-5469095440762649148,1
-5468446871069861677,1
-5464933621162902143,0
-5461963164821507071,1
-5434756305860338982,0
-5429165645620583491,1
-5426042335239388315,1
-5426007813067530515,1
-5413095144010451789,0
-5407705723352336028,1
-5407434898685920572,0
-5390577815846913615,1
-5372646425269112849,0
-5365032257028896493,0
-5363968987178987231,0
-5357657799861730309,1
-5350927997435296352,0
-5341094931052719738,1
-5339744154775796178,0
-5328721927065999131,0
-5327166717903275430,0
-5318455952419960555,1
-5300009671325250789,1
-5298011963045233867,1
-5295947551914232140,0
-5294108617271041233,0
-5288488523311050648,0
-5287757172736616216,1
-5287737948413030122,1
-5284447452129368746,1
-5283160984530976012,0
-5282759969317124692,1
-5279386494437985041,1
-5276910638718512922,0
-5273940062289947359,0
-5272702538142165316,1
-5269607263826966416,0
-5269296119002082078,1
-5263695243574051325,0
-5263244211456186527,1
-5261290354593521401,0
-5260432131464403818,0
-5257123849783977037,0
-5255763253873983386,1
-5247380629978433456,1
-5245072127109080925,0
-5244233606771115412,0
-5243350085016781554,1
-5236720705098937230,1
-5234448226054330156,0
-5211938264147027145,0
-5210057448672271776,1
-5206570974424956892,0
-5204075597404974292,1
-5198667083119407486,0
-5198501623881264473,1
-5197504148857075048,1
-5196748190570001815,1
-5194981375983861799,1
-5194358783656126622,1
-5193129672992570773,1
-5184325953219969283,1
-5180967790776943896,1
-5172371157836485870,0
-5167164465836106560,1
-5153651026345730220,0
-5151529989338048774,0
-5143523774303989111,0
-5138526350656470660,0
-5138164671926228542,0
-5129351179848981774,1
-5117720434123363892,1
-5096587112680076187,0
-5096246199843740611,1
-5094799327502643976,0
-5092342291814064844,0
-5091126094858623115,1
-5086527872522734221,1
-5085243474255135541,1
-5078463273071945462,0
-5076215498577643257,1
-5075509265308684178,0
-5074577090222051352,0
-5074476536137782229,0
-5072764074273134440,0
-5069046234545702569,0
-5065458153881971078,1
-5064087197171186444,0
-5062344763838814378,0
-5059393470468085250,0
-5042478268311560832,0
-5039264009205220795,1
-5038480165841866073,0
-5035357955789378468,1
-5032076812964643224,1
-5029694217719463130,1
-5027575195666273606,1
-5025603368682757536,1
-5025014905866467768,1
-5015035804004424744,1
-5002926966427823072,1
-4994661994547567178,1
-4992879240634754445,0
-4982420925992636657,0
-4980247698431971960,1
-4973425626648775091,0
-4960697848093875935,0
-4947347296669913895,0
-4942490327161523382,0
-4942015014723013537,1
-4940239523828623986,1
-4939366182156344961,1
-4935533323138656176,1
-4935115841822327770,0
-4934858941758481809,1
-4934225852300977181,1
-4925498265518503291,0
-4924340706386639402,1
-4921987228440860773,1
-4918524490849352437,0
-4906389715662319380,1
-4900668498073855983,1
-4898067053252488624,1
-4893396039336139345,1
-4889112301858155694,1
-4883868596715653054,0
-4873715038166600115,1
-4868863761591848219,1
-4866959307889799683,0
-4862896872606491224,1
-4861270107894701196,1
-4859955816673451930,0
-4858753092936019521,0
-4847146957627085226,0
-4844449277248557614,1
-4841513030294279871,0
-4840331268265964282,1
-4832905441150441613,1
-4831147242105694056,0
-4824792167820519580,0
-4816314277401951325,1
-4814027319567224997,0
-4808638845131787268,1
-4805560395113765320,1
-4805268929836226771,0
-4803849343445469021,1
-4802246160600371785,0
-4797730702350804672,0
-4787573017586018371,1
-4781457411909246931,1
-4757166970124973354,0
-4749594079510019580,1
-4740847757214748437,0
-4738617945216466655,0
-4738550579495591146,1
-4727179859536037017,0
-4720198436891579454,1
-4715618995984087506,1
-4713139161115781839,0
-4708050851758947948,1
-4697178057901140393,0
-4695786408390602898,1
-4692035260762374494,0
-4688671532636482394,1
-4688392998581307344,1
-4687295382220781890,0
-4685643751653582240,0
-4679539738412281577,0
-4665129379641600409,0
-4662392628400405221,0
-4651903194606890749,1
-4651283842128593157,0
-4648782252804295043,0
-4645856788004720099,1
-4641200755066662655,1
-4638799953120268358,0
-4636798793312473633,0
-4627526837497223071,1
-4627438779666176486,0
-4627218092585881378,1
-4615591632130231558,0
-4613968187310014455,1
-4591454907117854238,1
-4582623683147229421,1
-4581443750928577571,1
-4578953850589668760,1
-4578202510144379908,0
-4570261922847470963,0
-4570200356119047222,0
-4566644285526831990,0
-4562684059108323451,0
-4554207263220231877,1
-4548752581490414314,1
-4545045480938324463,1
-4541880712695946108,0
-4526721368413566214,1
-4522668466328478178,1
-4490608433613106114,1
-4485192393019891753,0
-4471478586958203837,0
-4469323994543324006,0
-4467758020304029558,0
-4466219532221290588,0
-4461912381968744934,0
-4445422656586415857,0
-4438342279694606254,1
-4436893840925594104,0
-4436195813892290921,1
-4431311978363311042,0
-4424722577038377808,0
-4424324204822804588,1
-4418315037427826864,0
-4406509259174899199,1
-4399767687168587882,0
-4390840501178872750,0
-4384567527952702768,0
-4377202527890769238,0
-4374794793550711169,1
-4371698760112768807,1
-4369325463424453697,0
-4368560963012606131,0
-4363402169306992797,1
-4340769773581031024,0
-4340555374683869883,1
-4334562065395748996,0
-4333896767054419259,0
-4331633854773431449,0
-4331544807505113636,1
-4331365109643306723,0
-4329868970485691595,1
-4328753494493950109,0
-4327097067354420341,0
-4320332168779086370,1
-4319011096806710630,1
-4318243261245201213,1
-4317661139660017029,1
-4314282582431545164,0
-4303017264945659563,0
-4301506687396573013,0
-4297670471036347427,0
-4294618186635706788,0
-4292439124546785486,1
-4290660550866869619,0
-4287611425889870827,0
-4278196607368310306,0
-4274208817504850065,1
-4273716200458970025,0
-4266834446854129210,0
-4258224814509517715,1
-4249518546836050726,0
-4246051408779179393,0
-4244587731072763938,1
-4240970754777064366,0
-4240870330340386135,1
-4235587994828594479,0
-4225787880018886043,0
-4221811830854840248,0
-4215088731024288097,0
-4208798544495803132,1
-4206547393467288788,0
-4205019087947512605,0
-4204689094181627895,0
-4204040773234519815,0
-4201254784292492083,0
-4200052059768353895,1
-4199996306102407663,1
-4197422900956272556,1
-4197407513301209311,0
-4180203550497544686,0
-4179047156747059767,0
-4176009771142778334,0
-4173427400030666589,0
-4153248140229007875,0
-4152926540797841092,0
-4151435078414136787,1
-4148604336332746169,1
-4144152230484196425,0
-4141643589186423786,1
-4134053139957202332,0
-4125525198989873160,0
-4124981049290604493,1
-4123881278773973160,1
-4120046749935614125,1
-4119280478449000140,1
-4118677383084087122,0
-4113529396953056443,1
-4113395518317371885,0
-4110619784451436657,0
-4106239362421040030,1
-4102972266318922761,0
-4099336458022206947,0
-4089607508384307994,0
-4083268350178028823,1
-4082167741551385220,0
-4079829548417055764,0
-4079065828158538697,0
-4076597731110287733,1
-4072338744552005269,0
-4066622537471355224,0
-4066514221772012617,0
-4065169161568470435,0
-4064248255772288172,0
-4059056636997908376,1
-4055392987247493523,1
-4054803039307787401,1
-4049147345429542823,1
-4046187807946273674,1
-4041690904801954771,0
-4035478570021838741,0
-4031269269061266903,1
-4029391632299929958,1
-4028283869967895925,1
-4027816709345403384,0
-4027680070094678710,1
-4026990173806317547,0
-4023992145280250468,0
-4012558387346912071,1
-4005991202296511904,0
-4005286321467581140,1
-3991664830571684418,1
-3988552591892427684,1
-3987337739038467606,0
-3954118768899282216,1
-3950989276346694371,0
-3950204076285729565,0
-3942875177414573706,0
-3942368527194026754,0
-3930150324367050930,1
-3927807092471524861,1
-3926835802928575372,0
-3918870540857540110,0
-3916662871540587423,0
-3915347777402010940,1
-3915033548484640145,0
-3912406597129929958,1
-3905273270774321619,1
-3902837248022141151,1
-3902035015965829001,0
-3901473653982861953,0
-3900075590913592880,0
-3897020579534171899,1
-3892401963706830711,1
-3871446838004667865,0
-3865183205146977818,1
-3851389587962549359,0
-3839745434724092101,1
-3837946517459905622,0
-3835166947580078038,1
-3832568415361573631,1
-3828657523523459032,0
-3815792502726595520,1
-3812286496535686363,0
-3808086188822912106,1
-3806046634892214394,0
-3806026378132231751,1
-3805263891064088078,0
-3804950060549352305,1
-3789253003100298194,1
-3780902154569069715,1
-3779524120892650593,1
-3776363873825886746,0
-3774052310470682569,1
-3763974327994354650,0
-3762751574394079558,0
-3757079453018288007,1
-3754846126913931453,0
-3750670007379049435,0
-3750643104415075600,1
-3746510406434538655,0
-3742398240240694433,1
-3741050910996378452,1
-3733833308151708466,1
-3729981413293017715,1
-3728054326483505429,1
-3726072623274575906,0
-3725480269214785619,1
-3725443621401172704,1
-3720464073432307286,1
-3718063769523538907,0
-3717412447556877918,1
-3717131041639571481,0
-3714097136471181724,0
-3711129912986919580,1
-3707772279346877225,0
-3696398265699183178,0
-3695216159423674952,1
-3692675342372237374,1
-3677950116479167960,0
-3669537120284316283,0
-3667696710886859578,1
-3665760958094409523,0
-3665363537197752762,0
-3665257396899517995,0
-3643114837899559271,0
-3638311956689846093,0
-3637308235922786602,1
-3635887074311560082,0
-3635515785888292662,0
-3633426860142665817,0
-3626796758214483204,1
-3624698312206272511,1
-3616941959285814826,0
-3616802214532604806,0
-3612174963863328860,1
-3611743865057977414,0
-3611370703225413018,1
-3609807858669770697,0
-3607835850141748290,0
-3607481302615570651,1
-3605987879831030957,1
-3601221810828245187,1
-3598890441704306631,1
-3594827210473628110,0
-3592184080684496764,1
-3583804064099423563,0
-3583235241711485304,0
-3579870644288681285,0
-3572295294185481519,1
-3561594073127880797,1
-3550505864212053812,1
-3550449870867074335,0
-3539998974393000265,0
-3535151320631349105,0
-3533140822426702377,1
-3528185152220974986,0
-3527025542535927865,0
-3522800656849150463,0
-3516437718635057534,1
-3514219112802209028,0
-3509415294833030296,0
-3501594393863479313,0
-3484649797810267044,1
-3477114883481618848,1
-3470520646295498456,0
-3464706807677004557,0
-3464201586901156622,0
-3460830774732689539,0
-3450231874584445403,0
-3449022228540468970,0
-3446576503883065051,1
-3443221881279721258,0
-3442510164434101296,1
-3441915723511933928,0
-3441246560624539434,1
-3438267914323621995,1
-3436070808556401856,0
-3433274916375021950,1
-3432620345433979307,1
-3426610749876657826,0
-3424045919329263319,0
-3423904045868093812,0
-3422276169786944001,1
-3421032544491880189,1
-3415456849042845708,0
-3414798490669502595,1
-3411069535498834887,0
-3400737287665565528,0
-3397594167846575489,0
-3394816072442622714,0
-3385340182869820088,1
-3364769062871496334,1
-3346009565235655166,1
-3345223588251705589,1
-3337043861034638629,0
-3336326234350119826,0
-3320015421565316509,0
-3316259990226323772,0
-3305380922122052304,1
-3304416067854251353,1
-3301856866801150949,0
-3290250636529201449,0
-3285921860209136177,1
-3282117072517932908,1
-3277600539607650084,0
-3269563343086912985,0
-3268530230294878168,1
-3265039054696999429,0
-3262889543359730139,0
-3258098723766548220,0
-3253279780990987835,0
-3232196496424250622,1
-3230021114817111219,0
-3227199645013704787,1
-3221448776066315464,0
-3214615135246616067,1
-3199606151822115531,1
-3197640539659054110,1
-3196831027904263684,0
-3193383770340137361,0
-3192801923848464814,0
-3189229653821227430,1
-3188298818978793264,0
-3177952466667126337,1
-3173514411139460773,1
-3166030727608774853,0
-3162897220913352052,1
-3157465865624288069,1
-3140919235315447234,1
-3134442050148263261,0
-3131475634442201971,1
-3129423810499299913,1
-3120290839170177458,0
-3112995564615473490,0
-3108609361649037517,0
-3105085786998003341,0
-3095109505995501004,1
-3089259469306310681,0
-3077039052728514962,1
-3059157012104625891,0
-3052249704898158226,0
-3045986745102630143,0
-3045972650351419048,0
-3043368556512632822,1
-3041778567726285942,0
-3030190431110981032,1
-3022026982557220745,1
-3021768095529531650,0
-3021486272739970674,1
-3021074957577481843,0
-3001285162982027008,0
-2998148078578374628,1
-2994665669156060996,0
-2990272345456573175,0
-2978383431469749463,0
-2977564412580782044,1
-2977286540574603205,0
-2974164534055523521,0
-2967049360023418289,1
-2962396929732082220,0
-2951734278477610136,1
-2938543010843343538,0
-2935638209136746190,0
-2929893829084929615,0
-2905612159410585813,1
-2903719773452505851,1
-2897169859734701216,1
-2887985440680645416,1
-2880333719557962106,0
-2876335591317108754,0
-2875890712360643546,1
-2868020338519929990,0
-2863307422874657663,1
-2859083124453303092,0
-2857798114656884098,0
-2855986144994888617,1
-2852207543376545976,0
-2846120629536778073,1
-2843755446593036776,0
-2841717506486119366,1
-2830976962041774737,1
-2825134530692410239,1
-2822920882236561339,1
-2815906694613764762,0
-2811514606093020805,1
-2804676994467538993,0
-2793841347331017323,1
-2791953389862188012,0
-2787496907567314985,1
-2787039950291997927,1
-2779928487146473575,1
-2776609003849427861,1
-2774460082273551916,1
-2762668061586372007,0
-2756959634733521902,0
-2755571686608964012,1
-2747901730764339640,1
-2743480663193714827,0
-2739577513593493348,0
-2731907611131013814,1
-2725615992104769829,0
-2725571266098765851,0
-2719248295379203190,0
-2713526745591881563,0
-2711812442562138507,1
-2710571707939563583,0
-2708012922285030301,0
-2707826329015681237,1
-2707580535220602091,1
-2702298000036892488,0
-2702228141214207872,0
-2696153651665546280,1
-2696137308757184540,1
-2693314195929658074,1
-2690737594822394006,0
-2686645730659597834,1
-2672986608031137413,0
-2672734325136791499,1
-2659620548325722776,1
-2647446699349541382,0
-2643500736769613551,0
-2640105820114754644,0
-2638901826807137410,0
-2616502079665853075,0
-2612770010712157569,0
-2589096003739097734,0
-2588047325429532564,1
-2561304719488915866,1
-2556665427351421074,0
-2556012802300302861,0
-2551353598812370576,0
-2544123395123286692,0
-2534401513888911755,1
-2531380587287864395,0
-2530943387283036098,1
-2526738730275879196,1
-2526456242250268835,1
-2506057717491712779,1
-2501023029702689781,1
-2500275211951381120,1
-2499247612078361134,0
-2497714503100511918,0
-2497367792571656109,0
-2490784825645488656,1
-2489377569599162307,0
-2485318254439376151,1
-2481230452326554807,1
-2479288410843517679,0
-2478464402294883627,1
-2476005134888450464,0
-2473125940978012618,1
-2469180481697789194,0
-2460674673666172232,0
-2453415650197617577,0
-2452133693626477336,0
-2448658292882129516,0
-2448172549638564178,0
-2444395316715288530,1
-2441427118975003203,0
-2440856598978393068,0
-2435672442389822272,0
-2434748561529786732,0
-2431403682921869470,1
-2428227510370903369,0
-2423795828053026459,0
-2410680300306753994,0
-2410510395665989808,0
-2403862650863017517,0
-2390538892289721677,0
-2389148909944736355,1
-2383068041977827223,1
-2381207297844841781,1
-2381002365629266544,0
-2380988304266084815,1
-2376463589637544041,1
-2367855529700186063,0
-2367472451943102248,1
-2363712511416917472,1
-2362597284780853896,1
-2357187121716885325,0
-2354579094756003541,1
-2347626024031739642,0
-2345751893792164032,0
-2338287670353739955,1
-2333316537285496983,1
-2332989225698770118,0
-2329674121169301048,0
-2329040888793470947,1
-2326130369643381137,1
-2324318557250094848,0
-2316625447329607250,0
-2310881749905267870,0
-2310769358569463961,0
-2306371359942089437,0
-2292802623420585264,1
-2286452466826354856,0
-2279791533546823922,0
-2279517243394218710,1
-2279435806931564631,1
-2279240824873716180,1
-2277066934937974316,0
-2272322189136548153,0
-2272170569860417952,0
-2271702945940865426,1
-2262910102350188475,0
-2254823686966849728,0
-2252951897492922384,0
-2243561213886712366,0
-2242619247466027795,1
-2241749689446700623,0
-2233404361225665292,1
-2230077809753841574,1
-2228761255272686257,1
-2227901641558938470,1
-2227858171675227378,1
-2219727943510310389,0
-2215816446382269820,1
-2213862772248155396,0
-2204922155696347630,1
-2199109026495389258,0
-2196970089268323350,1
-2194365545208601986,1
-2186222187013799019,0
-2183170932082915244,0
-2176836218070286717,1
-2172055713182214232,0
-2169405898803208400,1
-2167138816451045274,0
-2154823823767520910,0
-2151036248081079515,0
-2149060044729318490,0
-2148537188676525047,0
-2140579552940457263,1
-2135437729998619036,1
-2132253672885116549,0
-2128978964349222841,1
-2124597786537607953,1
-2122123655777562360,1
-2117125058144251695,0
-2116787806175095431,0
-2108360282260453437,1
-2107072886884348630,0
-2105021934117548711,1
-2102516709171752006,1
-2101081899425486721,1
-2095651658595364403,1
-2093958343687308909,0
-2090944654573735325,0
-2088980621640206765,0
-2083549678757174509,0
-2076063166910809951,0
-2071228477262360627,0
-2071112135630546164,0
-2067444713190063061,1
-2065982047861960953,0
-2064108919084698186,0
-2048228396920157400,0
-2047774291971527815,1
-2037289372925133088,0
-2036498024166437044,0
-2023143088859644306,0
-2020962631989352246,1
-2019674709728528622,0
-2013150033643026391,1
-2009877190779529739,0
-2003991646500186809,1
-2000881585852406000,0
-2000243052883310810,1
-1985274275754619737,0
-1978588184666960677,0
-1973767240230584789,1
-1968678367167111316,1
-1955808830589511914,0
-1954088968707166783,1
-1953010306140225640,0
-1949107110027581530,1
-1944760184245010177,0
-1943454008073087772,1
-1939340885556472206,1
-1937245209198490948,1
-1933635009518573643,0
-1927088974840619859,1
-1922230978599163351,1
-1902171617070501586,0
-1902050768028362269,1
-1901725826148265308,0
-1899860192144014098,1
-1884244090017319897,0
-1877699684239655502,0
-1873094326114695975,0
-1866045536576221484,0
-1863078386834543069,1
-1861854514754953788,1
-1860454507953369881,1
-1858200383508653967,1
-1854925747330921842,0
-1854343376787774775,0
-1852916535698083422,0
-1850260941551417900,1
-1841254956710234585,0
-1838788768558529103,0
-1833274884727346017,1
-1828615234405202914,1
-1826778521555354200,0
-1826729697671405689,1
-1821290670531606086,0
-1818746385019327885,1
-1818508033390905098,0
-1793976711032424545,0
-1784903177513623969,0
-1780830024904554876,1
-1753783085066314790,1
-1752285699168351642,0
-1749158063879092739,1
-1747068023175533986,1
-1743968258971763616,0
-1743939469368461921,1
-1742696429036631898,1
-1733349361689886695,0
-1731769557140775192,1
-1728948132856295099,0
-1723978165947867085,0
-1720702913137727204,1
-1713423223206373568,0
-1710746960546226090,0
-1706368694121565799,1
-1702110647112516635,0
-1701226358820488931,0
-1695872515978554313,0
-1694303897385043560,1
-1692572844671266077,1
-1686970711970654772,0
-1684443681272319851,0
-1683753873757564136,0
-1676859094879633634,1
-1668913023656781715,1
-1666122294097460149,0
-1665555714416297490,0
-1662592052216988390,1
-1660111241209297007,0
-1654209055724059425,0
-1648072080165166249,0
-1642768627082680161,0
-1640789600952778307,0
-1632181325625890564,1
-1631499025725735641,0
-1629556085882201212,0
-1627331450764309274,1
-1625062159859039724,1
-1624037847642927659,1
-1621323271084264824,0
-1615849139983503328,0
-1614870210719878053,0
-1606636156256300761,0
-1602178214749571867,1
-1594802094468732688,0
-1588614473430432566,0
-1586959994277930849,0
-1584927182152619434,1
-1583680836570731280,0
-1582275664667591271,0
-1575428336001883420,1
-1574486750669820265,0
-1574234678803787626,1
-1571966659850170156,0
-1570012484235405776,0
-1569676738702188621,0
-1567379031346931505,0
-1554296553369736359,1
-1552716868619832507,1
-1551756443170936872,0
-1548932508791998390,0
-1545222521383763549,0
-1543694406862555990,0
-1538475991657820449,1
-1538195240692000371,1
-1536328208482899351,1
-1525712913899874942,0
-1522315263144653610,0
-1517871109822064010,0
-1515924281123944967,0
-1507286101545374298,1
-1499220761070956984,1
-1496779407076138596,1
-1489118185945188995,1
-1487603485824002615,1
-1479619268111264541,1
-1475911644115088525,0
-1470959063649380686,1
-1468179235804976839,1
-1465531232008204403,0
-1457495148430080257,0
-1455555048054741079,1
-1455462656472132934,1
-1448186288933862350,1
-1427554325210190164,1
-1412346333860789080,1
-1398124633663674881,1
-1396593927858296750,0
-1395052328913598541,1
-1393554300897151784,1
-1392744836051980611,0
-1386852393782835144,0
-1383726615386702208,0
-1382689490936341919,0
-1377366153109257122,0
-1374093598845508904,0
-1364011574662524036,1
-1362856697321827221,1
-1361921333838696786,1
-1361503525441811081,0
-1342965909821247027,0
-1336189458353676634,0
-1333706935591760027,1
-1329321758556083223,0
-1318211661202842953,0
-1314837762395101776,1
-1313769834091213250,0
-1308751136412747433,0
-1304106902889819806,1
-1294104111548224150,1
-1289995529844515681,0
-1279658434304137672,0
-1274541678920765127,0
-1273437035715744936,1
-1269957987776862442,1
-1269882484476403527,0
-1264739274767825385,0
-1261639156543898639,1
-1258399918130556339,0
-1250332712729781420,1
-1244734085890666464,0
-1222654937326815518,1
-1204905679324076174,1
-1201175487898747355,1
-1198282520201936529,0
-1196783245269484867,1
-1191272461028496872,1
-1188020918385700946,0
-1184854084607932531,0
-1177703612262078778,1
-1177267112065162947,1
-1177066879036955557,1
-1163863439031979689,0
-1161325889835239602,1
-1161201933688331044,0
-1157285502200212500,0
-1149079900404172023,1
-1143278693151275220,0
-1139118123045234703,0
-1135192817185429498,1
-1104942041668974445,1
-1099418157403779147,0
-1092844495117734755,0
-1087591944952987242,1
-1081068822661594294,1
-1074975758854425513,1
-1062933236289753224,1
-1058830665136751053,1
-1047845178818634913,1
-1044280661698287426,1
-1039923944947957677,0
-1038690610077110064,1
-1036255519222442433,1
-1034677362807109444,0
-1031230864349562854,1
-1030502731659732301,0
-1026614991987748963,1
-1025738569765432783,1
-1025708978489228304,0
-1018405512766354506,0
-1012716413796632146,1
-1011519742555443197,0
-1010302924580631930,0
-1008163080566148569,0
-1002689204630976767,0
-997082467698725503,0
-995298095259975664,0
-992611394879541051,1
-990551836952388576,0
-987666868862469066,1
-983841255566882938,1
-983064768890703968,0
-980401504589783787,0
-979060281416368039,1
-974852195376259938,0
-971119560382528970,1
-952645816056624705,0
-939319684577554067,1
-937937848423364178,0
-929361851535902617,0
-927923646801274980,1
-920488603847114945,0
-917542862666877919,1
-915271081551900048,1
-915203499355141424,1
-911667428221343475,0
-902261413536386081,0
-900517809167367246,0
-896533734758560771,0
-876214160782542024,0
-874390216487493309,0
-873864224422370563,1
-862274503003432552,0
-861885703403509105,0
-852355037116958695,0
-850403338248577366,1
-849372335964962594,0
-840554989343081394,1
-840437313769409660,0
-827567779241167705,1
-824842541659099738,1
-823098498488704706,1
-820228441199913142,0
-817574251379351848,0
-815901959163713100,1
-815692188479664434,1
-809919630022375368,1
-809724231784510434,0
-807898292600022155,0
-807095689163031031,1
-805429320650648570,0
-801928845033830619,1
-800291864878963130,0
-799847599710456268,0
-794695282039333078,1
-790787112378725838,0
-785343137705570674,0
-785092961485472381,1
-783546489271503885,1
-782976779649151577,0
-775930326613183096,0
-775417902394203617,0
-773787950259282095,0
-770117062855837172,1
-761317432017684595,0
-760387550880951197,0
-755096065978641950,0
-754502391619913021,1
-751565946237730963,1
-751168872952073072,0
-745749362598951014,0
-742542695199595702,0
-741486509528419544,1
-740915362193147391,0
-735181519015192479,1
-732930562120464174,0
-731965421365616993,1
-727437979335136635,1
-726517982864774024,0
-716597857352827364,0
-714248695387533800,0
-712519160676184868,0
-704650351827817889,0
-695757992247686986,0
-692475586039310847,0
-679223226364414953,1
-675100217356265838,1
-670079356649452513,1
-669484508398705177,0
-663882665803948079,1
-663589222967387298,1
-663330694579080792,0
-648404617634492639,0
-645647500595447468,1
-641226688777667021,1
-636539108727115942,1
-636496716251919256,1
-635410872400151442,1
-629315894343756330,1
-625777521199754673,0
-625576513571664233,1
-614286309142473460,0
-611134015450846470,0
-609247885134048430,1
-607094523523230642,0
-606710781568844245,0
-606138572178003508,0
-605847566758430954,1
-594520016902564702,0
-592767276706105256,1
-588859091107983473,0
-588449877659967254,0
-585292385650780866,1
-581872136947620670,1
-581076009219887215,0
-577511741194415126,1
-559131030438854126,0
-558686266537748785,1
-558079890096884022,0
-549875263828049854,1
-548845425713068764,1
-544576252102406133,0
-536330051467528906,0
-519327703219915877,1
-517217459388135504,0
-495934217437787408,0
-482846311828512363,1
-479362787183592180,1
-475026440725800585,1
-471575242047098802,1
-468216658756869402,1
-462771773253134487,1
-462691430075449474,1
-450684248801469389,1
-448759412137858622,1
-445526827125190555,0
-443969399863800600,0
-443634958359831913,1
-439219012831361211,0
-439071852822018681,0
-434621704760747537,1
-431186743266119499,1
-423481955177569826,1
-417615571876374037,1
-417506405808116341,1
-414004519596613325,1
-404316161595539752,0
-403592285894492775,1
-401905317375361676,1
-399409305979656888,1
-396780146408042592,0
-394875615090812295,0
-392487764108801187,0
-388255466031055342,0
-386721545286375060,0
-384928732173069507,0
-384545570113238835,0
-383591233010246607,0
-369824675057832209,1
-365735605498190884,0
-364985014851982050,1
-363277776604714876,0
-359125817742511738,1
-355497297142886731,0
-355359098516936418,0
-353512463710197233,0
-353098844547467266,1
-349797901193936356,1
-349646884044171785,0
-348007412509288072,1
-338483914155758650,0
-338262844306240599,0
-331709254885431717,1
-330265204554928582,0
-328922159981049360,1
-324971269626718575,0
-322497028363750787,0
-316742215948089839,1
-310729661220290313,0
-307423242898186674,0
-290642077016380330,1
-288514504816317328,0
-279650671525149922,0
-277649061275130313,1
-275732447157932117,0
-274953404351951302,1
-272619703176228167,0
-269683920945048071,0
-268904283160123785,0
-266087712118707130,1
-262116518732921097,0
-260271341780998056,0
-259253660137439509,0
-257589696437477698,1
-245270227695806479,0
-242006717612292515,0
-241323981398636995,1
-235467625435477763,1
-226157200714046226,1
-224958969372920029,1
-204999409806332619,1
-203888246323528908,0
-197373703924294014,0
-197173605114456667,0
-193619078813245944,0
-189258857905911846,1
-181693132341388341,0
-174748110385547593,1
-166674389782045161,0
-160023130964038930,0
-155301836559333807,0
-154687739446938020,0
-152400278318025971,0
-151807602661079284,0
-147449397927024938,1
-147353752010877626,0
-143861309618510249,0
-141018830651902968,1
-122165726078090155,0
-120337588935753345,1
-119982977776291669,0
-113976722972403492,1
-107930155557628991,1
-99529572494428255,1
-99172916343818521,0
-91330572377565150,1
-78962161384119007,1
-76958193611333379,1
-74863022176344210,1
-71132874673501439,1
-66226904820766081,1
-66157479708263268,1
-54529550414107323,1
-45891349557332177,1
-43463174597353192,0
-38761816629515168,1
-35138059193963083,0
-32815555034302390,0
-26214182267020640,0
-24555366744518713,1
-22454585998534812,0
-15024081398687147,0
-12077586485749969,0
633088623893158,0
3517800294859984,1
3904539641237377,0
10780771000638529,1
18225085290528859,1
19736944478801329,1
20029322956809475,0
33483599662912240,0
33904541072404699,0
34907147888278875,1
36585738004590239,0
36942564550776757,0
37098224981135813,0
42729903889160076,0
42989684681043401,0
45418900588934217,0
49135400369599613,1
53715458675077945,1
55641958302538875,1
55768827250380332,0
56175571803715757,1
61193955216812949,0
71420895777386004,0
73309433187238195,0
77344705969622766,0
80932053866300773,1
86366679474780169,0
88282746237451173,0
90872581898460019,1
103295820944985075,0
106471441692834967,1
108203350992374666,0
113910446800723490,0
114887724886815610,0
118187479404446204,0
121681942595021290,0
124319141404882589,0
132713222102023410,1
135703012186847322,1
137306778347158200,0
138276043523722426,1
140177967906671945,1
142721413738647224,1
150375056446334937,1
152281776397920610,0
153478438958958576,1
154892862683090843,1
157671427162060988,1
158773872091389111,0
160905784249817942,1
170381959332912419,0
171214361247220050,1
187044516137655522,0
189288718629835964,1
193185959914601230,1
197660588361144794,1
201483986858893301,0
210686612460476648,1
212763938434826853,0
220362830002795385,0
222116677306782814,1
226442343684433193,0
227587411644697728,1
237401740780267405,0
244980803131647188,0
247148836207954192,1
264882450740946966,1
271088629482127238,0
271318382503864246,1
283148362208717906,1
286647391413882302,0
294743658257701583,0
296700113609395552,0
297925504287245048,1
302128101048410308,1
314441314625815569,0
315825754653173845,1
324440706156099328,0
327534904967808756,0
331906487747186188,1
335521027645923643,1
342708088044077766,1
344743039024270730,0
364191837497977571,0
367628664617032251,0
374562930792216786,0
377843923180740424,0
382684901014507774,0
383044620897603367,1
389649312365728636,1
395074719944572555,0
396284235665022506,1
400505461386268910,0
401081071284007315,0
405468734415028727,0
412147128969537249,1
413905040059750976,0
415785271485380488,0
416871994686073069,0
426006210760844455,1
427715083262218693,1
433203669546678354,0
434338877906595380,1
436560456112051969,1
441735602386655390,0
451885591993175380,1
458300852513228164,1
461376555243442216,0
461746231975374936,0
466183584776181232,1
472832867152580067,0
473299613062290514,1
474490659088409829,1
474732949111711543,1
481271614253487255,1
484212155583615307,1
486729636975692242,0
488761172269593315,0
491088577904297527,1
502512640763055082,1
502784965862194139,1
504340244418578355,0
506456062436691079,1
509362158654869386,0
514410738358600482,1
514980393974626960,1
517585122322902728,0
518403314955887809,1
525305804342597401,0
535275966405524141,0
535814123041915712,1
538365739450379431,0
538865215182346874,0
539967311179669294,0
542402392411197185,0
543451891133918102,1
543907379545093363,0
548293368472738146,0
556388441250359963,0
558225017937054785,0
560262845262336406,0
567689801787211030,0
575297862708515197,0
583643251596122771,1
584704829490785043,0
588022707542878605,1
602999626689639017,0
603937929658164620,1
605895505990259943,0
610451386833972361,0
614231715691509684,1
619016605801438629,1
620560611128397870,1
623880528430206299,0
624217289926577013,1
626068918655403500,0
630123302148192316,0
637002027403107574,1
642952141131738687,0
646443265705369553,0
652839517864945451,1
658266223743822309,0
658903969767680447,1
660467053610873513,1
661571583653341393,0
667695065864115298,1
668980768030993788,1
670396738751222484,0
671902734261860596,0
676850937121003830,1
682371532111460568,1
683275974428208318,1
686208126732401091,0
688122850724799426,0
690180624218901342,0
693923313705177687,1
698577637264588590,1
709995782267604303,0
710220877436087252,0
713493086220447742,0
722319831283819836,0
727673922192547963,1
737355597006155319,0
737402954898049747,0
738483019978986493,0
738529574952093188,1
739482829015468733,0
743212021854392103,1
756188329110117590,0
758750798198959743,1
766254982898236811,0
770798422417558839,1
771778530048354841,0
774670226705034726,1
785886227385420308,0
787911470168763316,1
795069323367200669,1
799372688052646839,0
799941825498923802,0
800062747451206648,0
805577078190137735,0
805771682947199732,0
807221320388481114,1
822979390547037837,0
823126402583403977,0
824548351997848604,0
838011348034126655,1
841288546618371836,0
877518862342621856,1
878467720706327095,0
880639643686095851,1
880824199420615672,1
885848297975066131,0
888840711794286607,1
889698630751683816,0
893546025819108170,1
907311924492868518,1
908456445499645242,0
909526928805738991,1
912082644235518428,1
920058586150649515,0
928378387170964784,0
931729544592293501,0
936932029586277984,0
938493817665056485,1
942095714738214627,1
944011322331422664,0
947165229419534743,1
950556487396696443,1
951636824785659877,0
957152896516867678,0
974563964012201196,1
975580373801086992,0
983506729621863777,1
987298769432543997,0
993238137851863237,1
997895372925600604,1
1007157775864175168,1
1010669947449520349,1
1013195398734279400,1
1017007922865658907,1
1022875263236017330,1
1025298583885134724,1
1025620522716477573,0
1026041726654520133,1
1037161823185932329,1
1046237139631737997,1
1047074917590022130,1
1048360224448483892,1
1048954078054668612,0
1049411334425834295,1
1050696935015443759,0
1055108598015029646,1
1062458221764876326,1
1067447314858766410,1
1070539582679899542,0
1075231965222343648,0
1078641107643506278,0
1079357111240058990,0
1085238253615973950,1
1086071711045800197,1
1095128692328769980,1
1101554919082489175,0
1104248712871791897,0
1116570465768381300,1
1120644045372503177,1
1121213087382445771,0
1122409572798660186,0
1128640877316491408,0
1129751317612549660,0
1131967394271042786,0
1132004554333468872,1
1132619339695167073,1
1138920836012035732,1
1141143416302532702,1
1147061476010609412,1
1148297892782423840,0
1149406871635582036,1
1157994500718245884,1
1158611413899638112,0
1162828469766620217,0
1167073899039993264,0
1168320077249217619,0
1184955699918429327,1
1187568034686398958,1
1189701556998984315,0
1190754419415114466,0
1193315225027476873,1
1195808689622875677,1
1201279022806644554,0
1201978592993967223,0
1203832729874562290,1
1204184318692323636,0
1211417842587906768,1
1213539375390905882,1
1218076580846957142,1
1221203738828920223,0
1225445956144682711,0
1231739401273387446,1
1234455820219438298,1
1251651183386945874,1
1254451177894380041,0
1267081483744398512,0
1271021033326727796,1
1279763871141430731,1
1292604602433493666,0
1295119447131664777,0
1296530438880594574,1
1314763515452810418,0
1321815318803824717,0
1326363878288153031,0
1335778601210101365,1
1337094075651005498,1
1341133363126485948,0
1344040695690313837,0
1345342379187763671,1
1351304517267436873,1
1363471852384487338,1
1365678548531185692,0
1366091000715516578,1
1371399727715391604,0
1371474836441456092,1
1371898301708713883,1
1372905093441788587,0
1372982055182497912,1
1381585371548476431,0
1391090381036409981,0
1394833147236262031,0
1396042621181055432,1
1403029167899225849,0
1404345139874777821,1
1407475896384476288,1
1411496203160158379,1
1416724749218404795,1
1417853208996613698,1
1421468057453515989,0
1432518892930918933,0
1441965213458510949,0
1442040471149404179,0
1450330221632060389,0
1452815105605925792,0
1453144385425264966,0
1455889154957933092,0
1456711737606898895,1
1460389670639410886,0
1460746568257065427,1
1461179303203336750,1
1463379281144769805,1
1468740418418325319,0
1468937761803755276,1
1476681381989856464,0
1477669148802413862,0
1482646534727677439,1
1491221911472533270,1
1492333773606643578,1
1494166357791027593,0
1498146895695623058,1
1501491170509057664,0
1505147215773401167,1
1506140179746428278,0
1513702239290673250,1
1517237605605089207,0
1518239021046316232,0
1518386810346686262,1
1520286805712665579,1
1523331679009789074,0
1529865865312363353,1
1530454251281006024,0
1533369527065434146,1
1535894581531901484,1
1539334189725989055,0
1541479907236629448,1
1543658305533498393,1
1544333536653157015,1
1555471583047643141,1
1559328298291073907,0
1574725335258536339,1
1575150212973199710,1
1576125237924595040,1
1586996662456166413,0
1589855787693561019,0
1591504675489006907,0
1594845004972890269,0
1603918077944658661,1
1604814203286333648,0
1606929286984983417,1
1608596901471052009,0
1610443802760269537,0
1630633254460762976,1
1638109995425879022,1
1644564234467977081,0
1644796381248678962,1
1647267117436367233,1
1654527722997196150,0
1655173373064449972,0
1657175154567450836,1
1668804906131429962,0
1673321959266560817,1
1680175267963370420,0
1680320639226272672,1
1680497017275619349,1
1686930860614713235,0
1690201366872083011,1
1690524314235873372,1
1691789467475621041,1
1694400955516536183,1
1700868552315125386,0
1702327348566148469,1
1703285334945613629,0
1718731185965691076,1
1726268553599481390,1
1728264352699458365,1
1730898338749868651,1
1737072821121046429,1
1741289926360816657,0
1743267780015400264,1
1744349650403509900,1
1746398376920991658,0
1746549826185334211,0
1747861069137305805,0
1748294099182448589,0
1757988048864185850,1
1762092405950044233,1
1775765735480302811,1
1786588435643353048,1
1787078135750941820,0
1790074311214249795,1
1791619182765072643,0
1793019689539164239,1
1795459237258162497,1
1797644768777821132,1
1806861968748494050,0
1809907061745202197,1
1811542151274991208,1
1825762141013320860,0
1828593301373128052,1
1828769248546699916,1
1830136366945950914,0
1836590149310169718,1
1843397831989250165,1
1851618493161457648,0
1851970719178101375,1
1856040763616003735,1
1866612133040197134,1
1873179833815432528,1
1878293210621585852,1
1878794423876755451,1
1885467002138805495,0
1890882606305736863,0
1891008076752408319,1
1893818021918813352,0
1899819856677002670,1
1904664374804860571,0
1912298377936712055,0
1913588468593925332,0
1914239437336471504,1
1921038553472215690,0
1921961164396724992,0
1930387434561277393,0
1930426152119985865,1
1932230503503684294,0
1948927492780638536,1
1949833330828918193,1
1951157755950907234,0
1955369453019127972,0
1955467805327477535,1
1958986657887321971,1
1959444175405536783,0
1965914984372032096,1
1967388877221092910,1
1969734845481676392,0
1971382084683128337,1
1973561236817032666,1
1973944513629910852,0
1977571793875578454,1
1983537744709437004,0
1983605947538936038,0
1996079920662654500,0
2002722247459912355,1
2004789315903370967,1
2019015200955887465,1
2021738841629180414,1
2027536631305842967,1
2031500821720384086,1
2034579178972844576,0
2036396338533393100,0
2039713270951166223,1
2042002689575788623,0
2043763657711436902,0
2048737374561336012,0
2074538481545793763,0
2099464457171831308,1
2103282381819575157,0
2104217299797464138,1
2114384828452421801,0
2128897748925391140,1
2134341647260225505,1
2136582353052205170,0
2142712618791231482,1
2143979853543544059,1
2155545498699848483,1
2158980723211058381,0
2166021483532517989,0
2167778226304159525,1
2174961986981364604,0
2180446822322518277,1
2182106641959659685,1
2184529930598060339,1
2187714500096093363,1
2190192483655754657,0
2191872899588951031,1
2198510204015026873,1
2208118421285937812,1
2208643040453669771,0
2210571635085852598,1
2217407105881843456,0
2225620239283441835,1
2226616782250486034,0
2234668366808226192,1
2236438128862658611,1
2240027987432060025,1
2244287112675677026,0
2245600677768679802,1
2253159749794063873,1
2259222968971289190,0
2268494935419251794,1
2268525464014572852,0
2271775401219579557,1
2282884385124685101,1
2287355329427375978,1
2288150494029987891,1
2300864471587851578,1
2321411530883834658,0
2324520859775594225,0
2329193146588249916,1
2331851381611115795,1
2336805261717224585,1
2357727749842567777,1
2363449130546623836,1
2381556822053037175,0
2383140412175566797,0
2390569854370444830,0
2391377869010789846,0
2397293130264159516,0
2401152027553803263,0
2408457517325823185,0
2408681332824488898,0
2409103029989616888,0
2421050388912600921,1
2422567602580558246,0
2422971373661582395,0
2427214874766655984,0
2436618299573937426,0
2440420350876115144,0
2446625262199667205,1
2448003874347702821,0
2456155247637906049,0
2463094577136926355,1
2463222601165799280,1
2463391501354085001,1
2463873226915715768,1
2485219651653570337,0
2487598704761681387,0
2487654558664738038,1
2487664225647145323,0
2488351960787442953,0
2490681875934808106,0
2490948064461324524,1
2495010061668313044,1
2496169520110239530,0
2506402946737498454,0
2510663643850498958,1
2514233766749119508,1
2527541900867853853,1
2531086852813963362,0
2532786968204533785,1
2540968942989512822,1
2542807017037654830,1
2545084383179297275,1
2552896433184602903,1
2553948872332755227,1
2557216614517152257,0
2560865472699962637,1
2569109834346364630,0
2571089266870909663,1
2572184531877923201,0
2580143260894105665,0
2582619566924497124,0
2582924307543733172,0
2586131093135364748,1
2586705321978147938,0
2587697678740403879,0
2587897371534562623,1
2604535426697791923,1
2611776621093987809,0
2613336584394459494,0
2614686090104073596,1
2616255415767301263,1
2621708691686772026,0
2622136380044785369,1
2634172108628009655,0
2634571031524963920,0
2637642060294648041,1
2639615331829839956,1
2644548207709973134,1
2653177026110294601,1
2657157897478047639,0
2664557402771934408,1
2666810025769482635,1
2669069522330273431,1
2671886567662323534,0
2674731670188861424,0
2677214413107436718,1
2681210426968659863,1
2686885358515635254,0
2690264226255260710,1
2692644085214842651,1
2698690772048109921,0
2708161777041267683,1
2709471317274918197,0
2725742626599702765,0
2731426434272130795,0
2735302547610588506,0
2745062469534460434,1
2751327823167207034,0
2755645121912281480,0
2757886101777041796,0
2774341632477406849,1
2785600032782639813,0
2792796953771400513,1
2795189848593378500,1
2797680170948370613,1
2803354089211755075,1
2810305062053516955,1
2810425097201332562,1
2811481173899797433,0
2812762454940236915,1
2819078211826027740,0
2825498762006064409,1
2828100805449365219,1
2831703654369430242,1
2837136449846357001,1
2851154391304377944,1
2852224874228280508,1
2855058542695661214,0
2856678761737742094,0
2860857839335522492,1
2862029202258245137,1
2867068036370873513,1
2877373598207218691,1
2877552194395156480,1
2879487325583550371,1
2889281217812197902,0
2890322878075459051,1
2891510449555795336,1
2892033427728930384,1
2893344956449348345,0
2902582184519898077,0
2915291159849842828,0
2927532995469390669,1
2928915707783952105,1
2929428780602002512,1
2936322521912051131,1
2940224677083346247,0
2945391502632608205,1
2946126769849564764,1
2956928882769280311,0
2958491228424590614,0
2985800976017466209,0
2994021042834211012,0
2996767926210892092,1
2998182255559614601,1
3000349637829004393,1
3004093327624473725,1
3007323750398420483,0
3007402805680633069,0
3008674959966515597,0
3014045958313793245,0
3019275722502052207,0
3022874115181443209,0
3027308710383583554,0
3032350819121604511,1
3036847257485978084,1
3037547099331553316,1
3043799688873406567,1
3048067404825100220,1
3048902359473897575,1
3050022868184882425,1
3050031356065235042,0
3058753942569976558,0
3061401391973773367,0
3078066288257287911,1
3084668354822883348,1
3086125726700124799,0
3088775297033855448,1
3091677942435349142,0
3096504001735906499,0
3101904058302843479,0
3103703441702687987,0
3108836692442109848,1
3109021173221125570,1
3109305868264757161,1
3109581926298214291,0
3116437965083958239,1
3120941865100283143,1
3121342490618323491,0
3125190362101730077,1
3138820041865706930,1
3140147315679374244,1
3141535546215555640,0
3143265049968235238,1
3145996069799817501,0
3151432273265547773,1
3153659365461657803,1
3154709566382876300,0
3162860921096761263,0
3172609675172676151,0
3174686164171066301,0
3177113651929812636,1
3178618398278412232,1
3181817259815779336,0
3190222054184892007,1
3191185727949070766,0
3199580666975214113,0
3202257492668203530,1
3204292332750637782,1
3204880972101319909,1
3217044838447912330,0
3234395002120983398,1
3236834196472183018,1
3237421725812023924,1
3244501118414644393,1
3245754045162576270,1
3248198228523639418,1
3253279649716680677,1
3253419320426830349,1
3263605721827724385,0
3270434294178238733,0
3273566192698534208,0
3276749303495621623,1
3290122007982461605,0
3290888416834953954,0
3304000083335685510,1
3314814460130185572,1
3315766880677028492,0
3316279059920347737,1
3323788638899910519,1
3326170106932392062,0
3328547999503894073,1
3333242006264483098,0
3337235915486189286,1
3339192655307518176,0
3349718550818077918,1
3364037635729966837,1
3364956664399140970,1
3371864686053906574,1
3404887052312843766,0
3405837243073911542,1
3420153660353867947,0
3431000159534933602,0
3431479596213831105,0
3439317646090870317,0
3444244249642310811,0
3446099922174136557,1
3452158987607242256,0
3456902866483188724,1
3459297584497228761,0
3459667016404766217,1
3467656769998710543,0
3474530122130829236,0
3478033289882526594,0
3480350620501818686,0
3485071834361594766,0
3487154563799539822,1
3488878830597698492,0
3496001571779762477,1
3500618342002259411,0
3522588018990117703,1
3527004901073294309,1
3528128912339827503,1
3537322877338974497,0
3542545766611224139,0
3543383972717657393,1
3546547820712047043,1
3550968578103400660,1
3556473973083806407,1
3557416052833194252,1
3557428534270494118,0
3562790137806947383,1
3563925818827641680,0
3567392328753429220,1
3584419979455041350,0
3586751142013697012,0
3588844137629330686,0
3589846539160971927,1
3599579083169800635,0
3627206589368088811,0
3629054942601363693,1
3639551369125468612,1
3646704458078738781,0
3652236193034793032,1
3653344558308787647,0
3662637452511547532,0
3667155746816759801,1
3677959993412597572,1
3682185129149986731,1
3686732996792056140,1
3691290388530199885,0
3691800157137694852,0
3693064377836311145,1
3693282778809647457,1
3694126058530778588,1
3695345939254281235,1
3695372806117184452,0
3704143975263028263,1
3707859786949906711,1
3713816244949986691,1
3716509904755976346,1
3716652665581684474,0
3717524350125740532,1
3717559641141609470,1
3723014547680576216,0
3724038180800258039,0
3728788439521991934,0
3730221459883323932,1
3743805870687924182,0
3745254859421352376,1
3746241194429651989,0
3749051984476981177,0
3756845998157422947,0
3759786510435619783,0
3768030165022910927,0
3788744866972816584,1
3795434921200158817,0
3796391246644650212,0
3803317409345237414,1
3808791872640105060,1
3811906703853325074,0
3818891116585918183,0
3823751454621488073,1
3823901630147494628,0
3825030758766405297,1
3838193304435311083,0
3839290034318173641,0
3852676038202627770,0
3854039050614834065,0
3861655181970801849,1
3863670006057226726,0
3866684359319287694,0
3868897467695847500,1
3870903047994218325,1
3871696330731685698,0
3878889414191581891,0
3881136036941727813,0
3894329774566733435,0
3897771663836326284,0
3899054615397880158,1
3900602759936174599,1
3902716280519999031,0
3906741299956974366,0
3906993964866650564,0
3911309457501220911,1
3915953843453607781,0
3916885667821358918,0
3926015951637792961,1
3926327301555682094,0
3930382683369409724,1
3932233137222808511,1
3933020573605587481,1
3940733820166498047,1
3950820097366291168,0
3952470540352726067,1
3955069403778854043,0
3961352560931045854,1
3963228421077956919,1
3966927614554820703,0
3971293681605652966,1
3972123128458933207,0
3977113507632425219,0
3978744329197261565,1
3982967925953026706,0
3996339724834563688,0
4001059893363162701,0
4001598914059831963,0
4009680408652858220,1
4013016568912782142,1
4016805833745397674,1
4018835999752185075,1
4024546183701612222,1
4028551719782041842,0
4032765498132734858,0
4040752896044523069,1
4047641183716907462,1
4049349442718487379,0
4055481187679410652,1
4057366824774656292,1
4066525316815281732,0
4071962568781508159,1
4078665283029914622,1
4083879350441135554,0
4086185417278587411,0
4089489067919628796,1
4098373898686449287,1
4107853788556720778,1
4111698298536090326,1
4118442209664785356,1
4125500044960391342,1
4144296884397361664,1
4144822327072893690,0
4146219234560330718,0
4148956340646211477,1
4151497832627620752,0
4156870618529599462,0
4159634369588566354,0
4159893397899375773,1
4173996859767494968,0
4178281513720959666,1
4184089849182310914,0
4200379898275667599,1
4203160265408549337,0
4206566081240693332,0
4211968317337012989,0
4215132087880987731,0
4218573088638642438,0
4218973311694166377,1
4226971802625129009,1
4230546398227232670,0
4234448806035364023,1
4242044355476493250,1
4244664804983690283,1
4246071804259985689,1
4253256932878099767,1
4256499353082391550,0
4257211167939009971,0
4259644501882723692,0
4273269013476046272,1
4275754254099359988,1
4276231732317861125,0
4277146986812690434,0
4279409871976223753,1
4282371475242517246,1
4283243473470865546,0
4303219775513964059,0
4306470525663088347,0
4308883314538500575,0
4310124905979878832,1
4317251939133680291,0
4317872513884259092,0
4319578257771329817,0
4319780959962457160,0
4320902005677866426,0
4320980695728909399,0
4323060947509032484,1
4330173829999814401,0
4334160460296931727,1
4345774749128746152,1
4353638962685075976,1
4355351455509523245,1
4360426716237087384,1
4370110503470651864,1
4371354280221765675,1
4372140530902713229,0
4382968352619123882,0
4386395823306907978,1
4394544625061782490,0
4394835828467262632,0
4398101914994638757,0
4398630497554328878,0
4400897533027166738,1
4402909073127384062,1
4411155466986521589,0
4411362626570947172,0
4420541278330334570,0
4422768223534411522,0
4428306260086019130,0
4435087248454515878,0
4437631299214754336,0
4440179386846950393,1
4454649688058027199,1
4457750707058804278,0
4459724090864595456,1
4462148221409185153,0
4463826566169041176,0
4466456490193889927,0
4478253210094499161,0
4486131514672426878,0
4486602997347065515,1
4488352166757227061,0
4491360466235945894,0
4492214922080537055,0
4494033904051151921,0
4497955127862158263,1
4499275780985475639,1
4501773725654891770,1
4505692905956083761,1
4512547154228935703,0
4514125906348212007,0
4514294122876265880,1
4516609295797197256,0
4539601354276788570,1
4542847719115735054,0
4547803290801848089,0
4549839841916179334,1
4552031246634127936,1
4565433374503589762,0
4577149537257288197,0
4579014117123256053,1
4586256083030369905,0
4586646911616361833,0
4598340283102170109,1
4598478543674850050,0
4606697980540035355,1
4607823204802485770,0
4608210837220591119,1
4608863236214699594,1
4609032855186334210,0
4611734613759407249,1
4614082183062986537,0
4633637358568325970,1
4635733292311518858,0
4645593290156801790,1
4655850158667085057,0
4669009536254833266,1
4670388049016668178,0
4690109625013905153,1
4690400549208494605,1
4699089217333754148,1
4704839177309640055,1
4710022148946678838,1
4713005484754699283,1
4713122540699646281,0
4715845468155547279,1
4716332379542635967,0
4718677070421825113,0
4720434351876899951,1
4720738232381110479,1
4723681056258120412,0
4726752855683462550,1
4727070868804845849,0
4737769863899558269,1
4738224718711362643,0
4742014329255735475,0
4743799958730958682,1
4746741261951505345,1
4753228613622479222,0
4757554794295786910,1
4760116526598645093,1
4763172620009490330,0
4769667386337996903,1
4781490837689170092,0
4783446590579302706,0
4788473426038369504,0
4789792812935658717,0
4793700772184276250,0
4797367067026032269,0
4798548073541520355,0
4810351655235836848,0
4810985760779511430,0
4814124989837558580,0
4816591217184825215,0
4827139727348520819,1
4829629374974036309,1
4832800086863117031,0
4835436491492973207,0
4841771318358986579,0
4842833887993488835,1
4842996382607710497,0
4843763983223472663,1
4844729897850646660,0
4850094983964468221,0
4853736807857277858,0
4854173854034462350,0
4860656470894383765,1
4871204448036644859,1
4877234273669435383,1
4878105761362667388,1
4898303405336905598,1
4909362930588591622,0
4910914452117671781,0
4918748149178996154,1
4921918671960462231,0
4922187536227136334,1
4922762526081956519,1
4934032974376168406,0
4936260830930619104,1
4947638485102301313,0
4954219725103663635,0
4961448776430985445,1
4969045953280651802,1
4969400182488555120,1
4981394680492148298,0
4985737607965120552,0
4989165736919595271,0
4996175970947642304,0
5000213940480072173,0
5008457784608270463,1
5009716918133141948,0
5019326844210686177,1
5027428410105834467,0
5032832276081812726,0
5039383156936670233,1
5046538608121352212,1
5053314981694652030,0
5056276431905669153,0
5063150241644103116,0
5069630381011507614,0
5082105481706211809,1
5085163642647848115,0
5097507526845534551,0
5109659337105937093,0
5113425688643732512,1
5124555741065318818,1
5124686883727261526,0
5125224581129664780,1
5127229990336015791,0
5133948272184653288,0
5138865656933373503,1
5141170352585044505,1
5144950394631152170,0
5146129203746220253,1
5147561593892950536,0
5155906344291088366,0
5157265604312647888,1
5160223433664633724,0
5163937903878402416,0
5176361845985935438,0
5178293911835067138,1
5178702798660545023,1
5180307676247508051,0
5182630255416010857,1
5185199327676596838,1
5185678358047931719,1
5188038931209054726,0
5204074048452690155,1
5206185334686536340,0
5207373495433718033,1
5217116338365825539,1
5219220765134365854,1
5229521931190012345,0
5231497941932917110,0
5248095824030740727,0
5248212502057890459,0
5252866008833113509,1
5252951117184257702,1
5259312051055250862,0
5268111922053952585,0
5269496398822294763,0
5272428423875359778,0
5275928822090229131,0
5282605191202281001,0
5283815449721061294,0
5286529932515664414,0
5286627211963333015,1
5286715727155886233,0
5292367250355421923,1
5295272223225333894,0
5297725284603289790,1
5297874063090187257,1
5298996983002892604,0
5305176862463537777,0
5310217306400433855,1
5310963252747223570,1
5320086226534663786,0
5321843760905872343,1
5322072612945228760,0
5326193192234413555,0
5362767481471018881,0
5368819715601498496,0
5372728207471027531,0
5375286939648034278,0
5377665701793381750,1
5380545077526124129,1
5382460735528623814,0
5386819654574747052,1
5388100105427392965,1
5393886015459696925,0
5397039862983999369,1
5397609810886607102,1
5399736391366302044,0
5412436729867876118,0
5417909222310529138,0
5420547813682317762,1
5422908123074498869,1
5423833323852130253,0
5426322292310873915,1
5427322108847200183,0
5427777813440064648,0
5431095100042388687,0
5433326425954008306,0
5440950152407239719,1
5443637883302852833,1
5448672941650247597,0
5452975156126465606,0
5464040440709461164,1
5466683950414565860,1
5472534102243897847,1
5481381756585629750,0
5481486333876822970,0
5482967733361163929,1
5483859690992334227,0
5499710163036617518,0
5502938780908196476,1
5506147238989504609,1
5508425326206791613,0
5513412841697450442,1
5521292470801473186,0
5530620402500327935,1
5536441524699140654,0
5542785639413811663,1
5551307886989731010,1
5559011234641325412,1
5559278534079731845,1
5560563168546380510,0
5570754525592232112,1
5571353800450606064,1
5571551294810126151,1
5576305149567892054,1
5579057937352926716,1
5582697099272348124,0
5587340484236725635,0
5591300248630980674,1
5597937563766485583,1
5605793088259712743,0
5607606168745979993,0
5611117921801509734,1
5614742003589474255,1
5615002795585447886,0
5615842984189587122,1
5617215437517688839,1
5619855141839582495,0
5623173069542229593,0
5623538027253140655,0
5630044834400808539,1
5633348473112496029,0
5637494400602577512,0
5639728379977557790,1
5639762443761277948,1
5640174251820640449,0
5641370657039658839,1
5644039887028300254,1
5644833494067863345,1
5646062239311872956,1
5653491320909724540,0
5656556085996109022,0
5668200781119838204,0
5668978931075468458,1
5674126778650636271,0
5676673973284756428,1
5679951823930273388,0
5683191464616867471,0
5685082883910976266,0
5686500143880515956,1
5689527234124366321,1
5691172263523999798,1
5701089773766184340,1
5701951944098720878,1
5710552609009391637,0
5716439041312029416,1
5722627378822303438,1
5724240687635229955,0
5725648984212609286,0
5728640741728331145,0
5730976123828566582,0
5732613674422323060,1
5734324871634499383,0
5735154877217726699,0
5738023169737255709,1
5738858964283504129,1
5741283619620804177,0
5741636184872008539,1
5744690774302809107,0
5746886935996399803,0
5758626208595393272,0
5761279728239637235,1
5765448490611828556,1
5765698398757602259,1
5776930002720062405,0
5781319379533346782,1
5783218554602987651,0
5783220590920920506,1
5785729725208356015,1
5801049181853175540,1
5803206077296554913,0
5807449653207085817,1
5813102055145689708,0
5822898049155832035,0
5831406186889185943,0
5839617681513882518,1
5841606542735767809,0
5857808801556937509,0
5870637353961246069,1
5880067855675265982,0
5887975968762772203,0
5922344985786274452,1
5929670880234712791,1
5930363464977436915,0
5933918658104097876,0
5937249728794997165,1
5946278018480774674,0
5953510345155901437,1
5957811887522343294,1
5965167455243214152,1
5968617250826566044,0
5971241323657067669,1
5980250866370849177,0
5997250040482405028,0
6006522750386230967,1
6012209598204719301,1
6021316927693879962,1
6031040354568372603,0
6031105541673841844,1
6031830379053388044,1
6032621987968263832,0
6033363737700962111,1
6037571900610910241,0
6042290576909189306,0
6042575705152550832,1
6044480863009211152,0
6045356046379673582,0
6047543301390188800,0
6054970403833023923,0
6056258951297441752,0
6057683130771611517,0
6077650751041464656,1
6082809213496055417,0
6083102852677307927,1
6084887726513724801,0
6095964575113137028,0
6098507841615610604,1
6109561086412460618,1
6116205599253760059,0
6119932515514060640,1
6128185042657026282,1
6141175181083394139,1
6143050880153242544,0
6146755076430803349,0
6161572476989483493,1
6164685901525828996,1
6166510349010058241,1
6166626164407914776,1
6169305488161856643,0
6180087677070241117,1
6188126271055910493,0
6196221556652267842,0
6198867434111482402,0
6198867781389615796,1
6200194813387186038,1
6201926891761079501,1
6202806537955231833,0
6205382434041380432,0
6209688838522702175,1
6211327307492079556,0
6219791798429520382,1
6220181150879550492,0
6228605053635743251,0
6237075081038172300,1
6258392428311650904,0
6259566375248073877,0
6260627460432155696,1
6261576526511072887,1
6273937777738928382,0
6279564857991760117,1
6295918392362174031,0
6306528691156164351,0
6309590289213659737,0
6313544335912644999,0
6327384651748452195,0
6328606379047459897,1
6330853858278347367,1
6333013791293110951,0
6341532564931287551,1
6342574071974768424,1
6350309113079085070,1
6359451909014727764,1
6365789519982187123,1
6369118566748981036,0
6376077805530368877,1
6377379372851082700,1
6380387989407263670,0
6395692496767235113,1
6396168067514360942,1
6401469199796075214,1
6404001346529809330,0
6405596420970669139,1
6410332684468235729,1
6417134845588146647,0
6429542186366308010,1
6435225422610876926,0
6438227727164364014,0
6444343733999426768,1
6446193683735087488,1
6452101363024638666,0
6455419431117087073,0
6462652867376639713,1
6463836481062133647,0
6468668051788265907,1
6472622160589850216,0
6472910966297728143,0
6478948060164447545,0
6479077764717549644,1
6480853797783903911,0
6483254890725758574,1
6487502529692406580,0
6519023833921791956,0
6523097473978383414,0
6523708286820332564,0
6525207220162273184,1
6526901935881679983,1
6532799512438837342,1
6532905911410166681,1
6533406289237837624,1
6535622481874565455,1
6545615236931692855,1
6561947351506004871,0
6569640407767497615,1
6573764257161583697,0
6599086056464990530,1
6609166241308459321,0
6610839958835640677,0
6635519325516376070,0
6636193559241642692,1
6642598776168248910,1
6648303989471665252,0
6649192045947594981,1
6651832497367429757,0
6661268731694560665,1
6661307101598565176,0
6661313724663943309,0
6684203951104029961,1
6689360885006034272,0
6697221288430739558,1
6699871796105561616,0
6712112223308194346,0
6714564226647020625,0
6715173533462739761,1
6723764362245665164,1
6724629616794570580,0
6727763791340835016,1
6739442302832049860,0
6747619096023114042,1
6750074694391493487,0
6760048152572818178,0
6760608995473333627,0
6765137557216790075,1
6771639832441754339,0
6772019103514140441,1
6777319245747167876,0
6785122331482081560,0
6785776049895445450,1
6794100390347154522,0
6794247957352232007,1
6800116511387440780,1
6806084784890609101,0
6831587680997670450,0
6836118122043246797,0
6836808784179616304,1
6841774816734018451,1
6842556779520167129,0
6849565873646584730,0
6849638867617655515,1
6850762544247499443,1
6854105548918050540,1
6855602264695860183,1
6859129079061331630,1
6861513378611252227,1
6864511451569114841,0
6881995004470255858,1
6892523891445039651,1
6898421181861622447,0
6905440722993086149,1
6912018292227018683,0
6913759191226522298,0
6915716090303706863,0
6918562382714096566,1
6923773068053154506,0
6926811948166969291,1
6941969504733407954,0
6942956885805374296,0
6944242770144751004,1
6945642477911579723,0
6946937868234520478,0
6963943370746749362,1
6969823430857141547,0
6972721049128586329,0
6979094570757112319,0
6982939010095784567,1
6985300846984765458,0
6991161810202586068,1
6996919750007071325,0
7006199267804078686,0
7008933575553673768,0
7014987218225019787,0
7017170829984467208,1
7020738318073748237,0
7042220567065435250,1
7050134627507731207,1
7051147023104543837,0
7057649835901727859,1
7058371485573124673,1
7060506917283096243,1
7070588584289009933,1
7072736188111615828,1
7083500311566390262,0
7087515873628373839,0
7093266983838513761,0
7095256633845346677,1
7104119030268483600,1
7108573244248466412,0
7113803358462556634,0
7115689063692365131,0
7126604913240566672,0
7127902820320481314,0
7134933516981380307,0
7139640737054372316,0
7139666008309906292,1
7142938452161928650,0
7144006703959220809,0
7145163885481166038,0
7162259665757461040,0
7174532842876176009,1
7177521363349807371,0
7181698100734485710,0
7181812235681897429,0
7191683787761628412,1
7192284601548001610,0
7208799712094676839,1
7211743522971823687,0
7218593209927831892,0
7237932164591706322,0
7239031685030939477,1
7239836190515617374,1
7240697261915622817,1
7246287823367753999,0
7255306061919685586,0
7255725256253158136,1
7260910816245895624,0
7261067725052400087,0
7263387447840710117,1
7270814152647957167,0
7271320586663432744,1
7271444159251731898,1
7278728203306400939,0
7281211618290803257,0
7286465195036743424,0
7291521557590233467,0
7303566976000233934,1
7310742529245818978,0
7313428623800700885,1
7313793835225066267,0
7324971959727544656,0
7326149334384264978,0
7343478301382480723,0
7354477831049261109,0
7355660410766932819,1
7357075636421009659,1
7358315115225332113,1
7358503072541756148,0
7367954750412876307,0
7372509129105071355,0
7379952148897403291,1
7381779002418623455,1
7383014868518523080,0
7383637192640677506,1
7388869694020690195,0
7395108113975969115,0
7398980965303244607,0
7402194818791530628,1
7412193989974672887,1
7412266635061326328,0
7418093863943068142,1
7419837097528858897,0
7435528805879825344,1
7436381497306538448,1
7443581042507407151,0
7448769730211751627,1
7457415806896130930,1
7463022312721457573,1
7468177842869732635,0
7470006239305059424,0
7470936630056497509,0
7473279684367912176,0
7482001196979430832,0
7498442583701566979,1
7503555223251493539,1
7506048703805836812,1
7512220302009850662,0
7512842197479545685,0
7522788721248655606,0
7522872436067413419,1
7523650453232503118,0
7528550054696934031,0
7532010925493553014,0
7533097115043482336,1
7534954814602368168,0
7535066921913063264,0
7549907708364489191,1
7555085660396749861,1
7564269851530820310,0
7574111994321589632,0
7576782552894992089,1
7582374869062595322,0
7583259702751742683,1
7597907152220083972,1
7606775492549042429,1
7612434357106746249,1
7615037857493795046,0
7618817436085403608,0
7624191406927453210,0
7630424396462374276,0
7637580033075945971,1
7640746425437243050,1
7641464566749814158,0
7641830110514222694,0
7646051901577209332,1
7647811766414958398,0
7649124647566287157,0
7657353304286839047,0
7664873746865922271,0
7665572100820620834,0
7672708050532694034,1
7674127858996681710,1
7677919440168007104,1
7683600439575888404,0
7688228151116226394,1
7697721109603432995,1
7702436144321335748,1
7703586943203250996,0
7714411195258709583,1
7718716802689936778,1
7722752261635875512,1
7730966341480195790,0
7733361034524512886,1
7736883697151145219,0
7741162668335399955,1
7746839495026828667,1
7751813219075124730,0
7752061225948021395,1
7759362962497636986,0
7765959530524508202,0
7788248450250019566,1
7789114031152186485,0
7790456252291860517,0
7791916038318955370,1
7797232969343962116,0
7801956487166788110,0
7809448303497135531,0
7811860673203452825,1
7819555847941513094,1
7825676073720506281,1
7831798694880404534,0
7837848890646828891,0
7840086601218183083,0
7845494328555875143,1
7849818188344802585,0
7853310032066015747,0
7874376205100294075,1
7879633944128276900,0
7881280387554142114,0
7884136264377031112,1
7889577908145157819,1
7899314546245200766,0
7906704605424053072,0
7912356791463624296,0
7914041763858440390,1
7920619281918884801,0
7922710125171613855,1
7924784135088929202,0
7935451585062962330,0
7944971657405895932,1
7945097324866843104,0
7947964707453596862,0
7950658150854879543,0
7958442942881320538,1
7968220941867740721,1
7969911012021085607,0
7976949515727498835,0
7978880027780946342,1
7989870511720771182,1
7991531445958149437,1
7994532989661160233,1
8019979402830000573,0
8022312081634215058,1
8028057021074996535,1
8029229842158316726,1
8032758920356767094,1
8036481742838902900,1
8041303114238147044,0
8041530777739096391,1
8054576729000699235,0
8056682240237735682,1
8057089340890621371,0
8058139603842487204,1
8060805658671696143,1
8063429728250298083,0
8078542539739295568,0
8098260815719398072,0
8137076538502972803,0
8137430512490304030,0
8137477830434729882,0
8146661756203604501,1
8146964061651167440,0
8157574282049353624,0
8158248197684949566,1
8161971179843845673,1
8163032557608542015,1
8167195990564166449,0
8172620678353839868,0
8173430373338217251,1
8183594874242443231,1
8187282389508102808,0
8189968388518019422,1
8191146986993202176,1
8196393066436906316,1
8207517078423003550,0
8209115423388257617,0
8212331786536780676,0
8218203347055009355,1
8229495672397059923,0
8235552033051770299,0
8237636763213272900,1
8237897193763302468,1
8239421107160731908,0
8246556164827476118,0
8253009395336220964,0
8254064158348107730,1
8258929174509155369,1
8260682830147289911,0
8261068603131487354,1
8263709261015717668,0
8264239775885796383,1
8278738746326578071,0
8289504048437124175,0
8303533516640257218,0
8311917014054036073,1
8312835398157588017,1
8314666649260853608,1
8316008406853310201,0
8331946391504217738,1
8339325546243027547,1
8339927853635681208,0
8343294427526601490,0
8348235106275242236,0
8354363960899712495,0
8355589114918621165,1
8364927964228909187,0
8377548213080579684,0
8390429098219101534,0
8394766953567520444,0
8397314737465010786,0
8398724714406287184,1
8401913032952474219,0
8407006006109054801,0
8424473420590788907,1
8425648361673857909,0
8436954582358871531,1
8444915849601690355,0
8446271544402249615,0
8446906566538017649,1
8449375466781889027,1
8449865852408287250,1
8458968331200712757,0
8470962472440112416,0
8473796933020669651,1
8476631262052025571,0
8477069618575078586,0
8485022242393654899,0
8485862325080146133,1
8486211185394828313,0
8490543058381351844,0
8490655688174269373,0
8498503503508269566,1
8529679286288878521,0
8530262193306134741,0
8530801622461962455,0
8535068137197728936,1
8535938268169397130,1
8536796504670110713,1
8546047115037587887,0
8551202849321557341,0
8552419831977689197,1
8552842447093585357,0
8554067347592704812,1
8563355584729320209,0
8565188023680257583,0
8566736501016209438,0
8566809990562248301,1
8567539219729527663,0
8567543609034938965,1
8569550497346491122,1
8570917064623311269,1
8573340262851155627,1
8580935412748389370,1
8581740476420497760,0
8593272986791903739,1
8598203604681278289,1
8600123131927028188,1
8601576945587085029,1
8620995518406470049,0
8622534078650286688,1
8627426219720971986,1
8628124169305286184,0
8628961365544160230,0
8640590954886456914,0
8641650681181019467,1
8650327010637899202,0
8650548962653734684,1
8657748538553416098,1
8659935685290696260,0
8668931892087569716,0
8671595467284094915,0
8682740417701175390,0
8684784623862612524,0
8689780050808458121,1
8694871119249082152,1
8696276858115472450,0
8699631806772270667,0
8711057736879558982,1
8713913843482040426,0
8715382156794814496,0
8727274222467217399,0
8736311376964986377,0
8740290663338773423,0
8747616216782466656,1
8748249210321149390,1
8749921918070897826,0
8750629913993092548,0
8754236393983960547,0
8756851746137347927,0
8766102349125841852,0
8769961483155654329,1
8771454850414077421,0
8771466345412808049,1
8781564734848436147,0
8786402497912753999,0
8792166081185237287,0
8801383098086843725,1
8801693871367647153,1
8801898822320539948,0
8806382376325654563,0
8807147949702118439,1
8809843929837399903,1
8817483668422289299,1
8818973561244689863,0
8830094319256333922,1
8831810154293590297,1
8836812827064787702,0
8842859914867628443,1
8855105881938902663,1
8861438846983858397,0
8863515519836503810,0
8865089201441570376,1
8865219530141426088,1
8866920303910433735,0
8868371553845273939,0
8869278261460397453,1
8874221056958152402,1
8880364503100784408,1
8888150313356042811,0
8891504153725490231,1
8898262772082436390,0
8898831379055959351,1
8898948098690336463,0
8905035023400247118,1
8905933611723338127,1
8915440984350132795,0
8915639788169250848,1
8916369982914248426,1
8932831334169914872,0
8937866958243226611,1
8943815193442480948,1
8944065224722225365,0
8946461630620642002,1
8948949659165138706,1
8957280407030944364,1
8957280947994006900,0
8962055812239867358,0
8965502983297759225,0
8965749837199769184,0
8969673043206364782,0
8980231816940003564,1
8981301754826642391,0
8992920616283962128,1
8996166423355029762,1
8999257880072724412,0
9005042643434520982,0
9007088396369760052,1
9020324594111048790,1
9026166873800117863,1
9041934694859998672,1
9048230244764388701,1
9049912570191274153,0
9057051422706279579,0
9065346868076168712,1
9070476656326083291,1
9073976379188436474,1
9074274032269554012,1
9081555974259978072,1
9083355012466250457,0
9083370847214587830,0
9090540272090992364,0
9091362575197867560,1
9091471979281261173,0
9093567727429850640,1
9095287075550163540,1
9095731776720240187,0
9096489724543292610,0
9101559156545149230,1
9105238314558799507,1
9118486811278451833,1
9121289264257895312,0
9122221272840639200,0
9127762091313885097,1
9128230286829653181,1
9128311324811936276,0
9142635908254990276,1
9144444469684333523,0
9146015526510413777,0
9148219885876945359,1
9148846320087558919,0
9156149385323855018,0
9184060637167898492,0
9186806383012547268,1
9187601349750208791,1
9189991911366821175,0
9193182002440677572,1
9193790844857247476,1
9194078397276107544,0
9215174818027268597,0
9216510808202824301,0
9216975471256553739,0
